id,name,addr,borough,stored_lat,stored_lng,geo_lat,geo_lng,distance_m,score,matched_addr,note
294,Canal House Station,Rural NJ,New Jersey,40.719378,-74.039627,41.355005,-90.467812,1377621,81.4,"Rural, Illinois",ok
299,Karma Cafe,505 Washington St,New Jersey,40.745551,-74.035241,38.933000764313,-74.922431611886,215307,100,"505 Washington St, Cape May, New Jersey, 08204",ok
301,Kurobuta White Charcoal Grille,39 Elm Rd,New Jersey,40.839457,-74.273441,39.336912222911,-75.024419651336,178871,100,"39 Elm Rd, Millville, New Jersey, 08332",ok
302,Edison NJ Indian,Oak Tree Rd,New Jersey,40.517424,-74.41129,40.960917601344,-74.044127685038,58213,100,"Oaktree Rd, Oradell, New Jersey, 07649",ok
332,JACX & Co,28-17 Jackson Ave,Queens,40.743039,-73.948953,40.692803178137,-73.713014319743,20654,97.04,"17 Jackson Ave, Elmont, New York, 11003",ok
111,Hav & Mar,"11th St, btn 26th & 27th",Manhattan,40.738133,-74.004327,40.779618984451,-73.771107976218,20178,94.13,"26th Ave & 27th Ave, Bayside, New York, 11360",ok
276,Brooklyn F.O.B.,224 Roosevelt Ave,Queens,40.677555,-73.944488,40.658136959291,-73.709000408862,19978,97.93,"224 Roosevelt Ave, Valley Stream, New York, 11581",ok
282,Birria-Landia,78-99 Roosevelt Ave,Queens,40.755476,-73.885869,40.620683946205,-73.745596461266,19093,97.12,"99 Roosevelt Ave, Inwood, New York, 11096",ok
227,Antonucci's,81st St,Manhattan,40.771473,-73.959194,40.626910362368,-74.028771367243,17111,100,"81st St, Brooklyn, New York, 11209",ok
232,Evergreen Dim Sum,74th & 1st Ave,Manhattan,40.774245,-73.953237,40.633428995792,-74.032872968369,17036,99.76,"74th St & 1st Ave, Brooklyn, New York, 11209",ok
176,Mission Ceviche,72nd & 2nd,Manhattan,40.774163,-73.955982,40.63415201876,-74.029632021687,16761,99.51,"72nd St & 2nd Ave, Brooklyn, New York, 11209",ok
300,Red White and Que BBQ,57 US-46,New Jersey,40.720504,-74.040533,40.849130317033,-74.023873486567,14371,100,"57 US Rte 46, Ridgefield Park, New Jersey, 07660",ok
296,Mitsuwa Marketplace,595 River Rd,New Jersey,40.715261,-74.045337,40.81600185056,-73.979978046371,12481,100,"595 River Rd, Edgewater, New Jersey, 07020",ok
291,Debasaki,27-05 Thompson Ave,Queens,40.727527,-73.796671,40.746502755557,-73.942654018264,12479,96.76,"27-05 Thomson Ave, Long Island City, New York, 11101",ok
193,Food Sermon,355 Rogers Ave,Brooklyn,40.761304,-73.968386,40.664663319785,-73.953625678063,10818,100,"355 Rogers Ave, Brooklyn, New York, 11225",ok
23,Crane Club,10th Ave & 16th St,Manhattan,40.744098,-73.999712,40.659255986409,-73.978013998819,9610,100,"10th Ave & 16th St, Brooklyn, New York, 11215",ok
158,Ju Qi,133-38 39th Ave,Queens,40.759424,-73.832942,40.771175814577,-73.747513578125,7312,99,"133 39th Ave, Little Neck, New York, 11363",ok
348,George Washington Bar,23 Lex,Manhattan,40.735743,-73.985612,40.679192964879,-73.94677710721,7089,86.79,"23 New York Ave, Brooklyn, New York, 11216",ok
334,CITIZENS at Manhattan West,Manhattan West,Manhattan,40.753669,-74.002841,40.805708060641,-73.956330454096,6987,97.01,"Manhattan Ave, New York, New York, 10026",ok
159,Chocobar Cortés,141 Alexander Ave,Bronx,40.84668,-73.867037,40.807528961826,-73.9273404488,6686,100,"141 Alexander Ave, Bronx, New York, 10454",ok
94,Fulgurances Laundromat,114 Franklin St,Brooklyn,40.674892,-73.944131,40.728658815254,-73.957212964984,6079,100,"114 Franklin St, Brooklyn, New York, 11222",ok
177,Chambers,94 Chambers St,Manhattan,40.758888,-73.96899,40.714553832409,-74.007570349615,5905,100,"94 Chambers St, New York, New York, 10007",ok
163,Panna 2,2nd Ave & 9th St,Manhattan,40.72451,-73.982529,40.672599012345,-73.993380961005,5844,100,"2nd Ave & 9th St, Brooklyn, New York, 11215",ok
307,Lekka,81 Warren St,Manhattan,40.757324,-73.969457,40.715202256439,-74.010463614953,5820,100,"81 Warren St, New York, New York, 10007",ok
247,Okuda,141 Duane St,Manhattan,40.758065,-73.968661,40.716469013466,-74.007750979628,5678,100,"141 Duane St, New York, New York, 10013",ok
244,Uncle Lou,73 Mulberry St,Manhattan,40.761002,-73.969539,40.716282809487,-73.99938751664,5572,100,"73 Mulberry St, New York, New York, 10013",ok
306,Lovelove Sweets,58 Hester St,Manhattan,40.761524,-73.974673,40.715845022684,-73.990997399199,5262,100,"58 Hester St, New York, New York, 10002",ok
50,188 Bakery Cuchifritos,158 E 188th St,Bronx,40.818663,-73.91929,40.861518057464,-73.898408130695,5079,100,"158 E 188th St, Bronx, New York, 10468",ok
117,Floating Mountain,31 Howard St,Manhattan,40.757982,-73.968908,40.719550997354,-74.000790228136,5047,100,"31 Howard St, New York, New York, 10013",ok
133,La Milagrosa,149 E 116th St,Manhattan,40.758998,-73.969759,40.798696615174,-73.941231106381,5026,100,"149 E 116th St, New York, New York, 10029",ok
72,Octo,21 Spring St,Manhattan,40.761276,-73.969073,40.72163071517,-73.995245766824,4929,100,"21 Spring St, New York, New York, 10012",ok
167,Sushi Kai,157 Delancey St,Manhattan,40.759273,-73.969457,40.717693205262,-73.986178946036,4833,100,"157 Delancey St, New York, New York, 10002",ok
45,Bartolo,303 Broome St,Manhattan,40.757488,-73.967975,40.718701784834,-73.992383765984,4778,100,"303 Broome St, New York, New York, 10002",ok
303,United Newark (Saison / Classified / Tsukiji),"Terminal C, Newark Liberty International Airport",New Jersey,40.73242,-74.169422,40.6906062,-74.177185,4695,89.77,Newark Liberty International Airport,ok
184,JAJAJA,63 Carmine St,Manhattan,40.760096,-73.968578,40.729799927552,-74.00454783533,4531,100,"63 Carmine St, New York, New York, 10014",ok
113,Hamburger America,51 MacDougal St,Manhattan,40.761633,-73.973465,40.7279371753,-74.002440038138,4472,100,"51 Macdougal St, New York, New York, 10012",ok
275,Bonnie's,398 Manhattan Ave,Brooklyn,40.678076,-73.946794,40.717832413836,-73.946511621562,4421,100,"398 Manhattan Ave, Brooklyn, New York, 11211",ok
214,Flip Sigi,131 Rivington St,Manhattan,40.756527,-73.970198,40.719361608252,-73.986683485092,4360,100,"131 Rivington St, New York, New York, 10002",ok
96,Bites of Xi'an,88 2nd Ave,Manhattan,40.763418,-73.971351,40.726862238127,-73.988734117704,4321,100,"88 2nd Ave, New York, New York, 10003",ok
251,Sushi on Jones,348 Bowery,Manhattan,40.762402,-73.972147,40.726695647802,-73.99208637606,4311,100,"348 Bowery, New York, New York, 10012",ok
126,RAF's,290 Elizabeth St,Manhattan,40.75801,-73.968578,40.724685918877,-73.993152135049,4245,100,"290 Elizabeth St, New York, New York, 10012",ok
250,Shake Shack Innovation Kitchen,225 Varick St,Manhattan,40.758257,-73.973739,40.729000335899,-74.005456014539,4210,100,"225 Varick St, New York, New York, 10014",ok
164,Dinner Party BK,253 Grand St,Brooklyn,40.67728,-73.94512,40.71358073536,-73.958497659284,4191,100,"253 Grand St, Brooklyn, New York, 11211",ok
107,Sip & Guzzle,29 Cornelia St,Manhattan,40.759657,-73.970912,40.731519642627,-74.002486222425,4107,100,"29 Cornelia St, New York, New York, 10014",ok
38,Cha Long,6 St Marks Pl,Manhattan,40.762731,-73.969869,40.729108378631,-73.989557304415,4090,100,"6 Saint Marks Pl, New York, New York, 10003",ok
151,Carne Mare,89 South St,Manhattan,40.741757,-74.010669,40.705734645345,-74.002151868307,4069,100,"89 South St, New York, New York, 10038",ok
255,Tatsu,14 Christopher St,Manhattan,40.76188,-73.971708,40.733821522786,-74.000433661975,3948,100,"14 Christopher St, New York, New York, 10014",ok
209,Veranda,130 E 7th St,Manhattan,40.760233,-73.972531,40.726153632033,-73.984023320481,3911,100,"130 E 7th St, New York, New York, 10009",ok
289,Mad for Chicken,157-18 Northern Blvd & 158th St,Queens,40.731371,-73.792031,40.763448994031,-73.80734000998,3793,98.44,"Northern Blvd & 158th St, Flushing, New York, 11358",ok
148,Wan Wan,212 E 10th St,Manhattan,40.761249,-73.973849,40.729278363627,-73.986092896194,3702,100,"212 E 10th St, New York, New York, 10003",ok
226,Ops,346 Himrod St,Brooklyn,40.676951,-73.944763,40.702761332832,-73.917100529148,3698,100,"346 Himrod St, Brooklyn, New York, 11237",ok
267,Tsukimi,228 E 10th St,Manhattan,40.759053,-73.970802,40.7290928302,-73.985413459123,3552,100,"228 E 10th St, New York, New York, 10003",ok
77,Penny,90 E 10th St,Manhattan,40.760261,-73.974508,40.730889365417,-73.989677752363,3507,100,"90 E 10th St, New York, New York, 10003",ok
352,Rockwell Place (Bar),31 Rockwell Pl,Brooklyn,40.674865,-73.942045,40.689040157333,-73.979138263492,3503,100,"31 Rockwell Pl, Brooklyn, New York, 11217",ok
268,Bon Yagi Izakaya,5 St Marks Pl,Manhattan,40.756665,-73.969127,40.729528772984,-73.989260501223,3461,100,"5 Saint Marks Pl, New York, New York, 10003",ok
130,Quatorze,14 E 14th St,Manhattan,40.761222,-73.970582,40.735671384152,-73.992992356888,3411,100,"14 E 14th St, New York, New York, 10003",ok
336,Sey Coffee,18 Grattan St,Brooklyn,40.677225,-73.947398,40.705319405862,-73.93240378887,3370,100,"18 Grattan St, Brooklyn, New York, 11206",ok
225,Haenyeo,239 5th Ave,Brooklyn,40.681178,-73.942759,40.675187302136,-73.981161068185,3306,100,"239 5th Ave, Brooklyn, New York, 11215",ok
82,RAON,100 E 19th St,Manhattan,40.761524,-73.968112,40.737505285413,-73.987820993172,3145,100,"100 E 19th St, New York, New York, 10003",ok
31,Yamada Kaiseki,13 E 20th St,Manhattan,40.761331,-73.969265,40.739415479237,-73.99005720112,3001,100,"13 E 20th St, New York, New York, 10003",ok
76,Bungalow,1st Ave @ 2nd St,Manhattan,40.726239,-73.984369,40.699694017274,-73.979796997262,2977,100,"1st Ave & 2nd St, Brooklyn, New York, 11251",ok
197,Imli,1st Ave,Manhattan,40.770127,-73.960045,40.79140382649,-73.938779360082,2967,100,"1st Ave, New York, New York, 10029",ok
297,Sri Ganesh Dosa House,809 Newark Ave,New Jersey,40.717018,-74.040314,40.735443421051,-74.065353513726,2941,100,"809 Newark Ave, Jersey City, New Jersey, 07306",ok
278,Aunt & Uncle's,1407 Nostrand Ave,Brooklyn,40.677775,-73.943006,40.652076048149,-73.949542433931,2910,100,"1407 Nostrand Ave, Brooklyn, New York, 11226",ok
324,Karasu,166 Dekalb Ave,Brooklyn,40.679257,-73.94221,40.689408835345,-73.973259280423,2851,100,"166 Dekalb Ave, Brooklyn, New York, 11217",ok
329,Café Salmagundi,37 W 20th St,Manhattan,40.757873,-73.968578,40.740828919569,-73.993081307967,2802,100,"37 W 20th St, New York, New York, 10011",ok
254,Noda,37 W 20th St,Manhattan,40.759218,-73.970912,40.740828919569,-73.993081307967,2769,100,"37 W 20th St, New York, New York, 10011",ok
210,Gupshup,115 E 18th St,Manhattan,40.758202,-73.974343,40.736769982957,-73.987437018187,2626,100,"115 E 18th St, New York, New York, 10003",ok
135,La Pizza Fresca,31 E 20th St,Manhattan,40.758175,-73.970939,40.739000407392,-73.988927404391,2616,100,"31 E 20th St, New York, New York, 10003",ok
101,Oiji Mi,17 W 19th St,Manhattan,40.757571,-73.973465,40.73964811896,-73.992422071282,2554,100,"17 W 19th St, New York, New York, 10011",ok
108,Planta Queen,15 W 27th St,Manhattan,40.762429,-73.970061,40.744423582565,-73.98834486212,2526,100,"15 W 27th St, New York, New York, 10001",ok
292,Queens Night Market,47-01 111th St,Queens,40.765602,-73.836078,40.747054368605,-73.852261311306,2472,100,"47-01 111th St, Corona, New York, 11368",ok
277,Wenwen,1234 Manhattan Ave,Brooklyn,40.71708,-73.96279,40.738517966352,-73.955120129366,2470,100,"1234 Manhattan Ave, Brooklyn, New York, 11222",ok
315,J&L Lloyd's Pastrami,Avenue U,Brooklyn,40.588055,-73.94779,40.5959676,-73.9733862,2333,100,Avenue U,ok
145,Pippali,129 E 27th St,Manhattan,40.761496,-73.972312,40.742414691831,-73.983249670818,2313,100,"129 E 27th St, New York, New York, 10016",ok
157,Koloman,16 W 29th St,Manhattan,40.76081,-73.971873,40.745663852778,-73.988014112221,2164,100,"16 W 29th St, New York, New York, 10001",ok
295,Lee Sims Chocolates,743 Bergen Ave,New Jersey,40.720092,-74.045996,40.725061009044,-74.069010035167,2017,100,"743 Bergen Ave, Jersey City, New Jersey, 07306",ok
153,Altro Paradiso,234 Spring St,Manhattan,40.718253,-73.984424,40.725491503591,-74.004894427026,1904,100,"234 Spring St, New York, New York, 10013",ok
205,Lobster Club,98 E 53rd St,Manhattan,40.770539,-73.955735,40.758577599543,-73.971731846208,1893,100,"98 E 53rd St, New York, New York, 10022",ok
207,Au Cheval,33 Cortlandt Alley,Manhattan,40.735018,-74.000512,40.718026999719,-74.001976015978,1893,100,"33 Cortlandt Aly, New York, New York, 10013",ok
114,The Bazaar by José Andrés,25 W 28th St,Manhattan,40.757296,-73.974316,40.745475595233,-73.988917262288,1800,100,"25 W 28th St, New York, New York, 10001",ok
112,OM Real Indian Food,2nd Ave,Manhattan,40.770924,-73.959222,40.784163987629,-73.947146886004,1789,100,"2nd Ave, New York, New York, 10128",ok
103,Maison Barnes (Café Boulud),100 E 63rd St,Manhattan,40.776633,-73.954445,40.765153998865,-73.967578697003,1689,100,"100 E 63rd St, New York, New York, 10065",ok
314,Ozi Dumplings,19 Bogarts St,Brooklyn,40.690982,-73.923565,40.703804460682,-73.933154639757,1639,96.51,"19 Bogart St, Brooklyn, New York, 11206",ok
212,Javelina,2nd Ave,Manhattan,40.771802,-73.957355,40.784163987629,-73.947146886004,1621,100,"2nd Ave, New York, New York, 10128",ok
78,Wine Bar Elvis,32 E 32nd St,Manhattan,40.757516,-73.972751,40.746042924349,-73.983430719927,1561,100,"32 E 32nd St, New York, New York, 10016",ok
142,ROKC,3452 Broadway,Manhattan,40.810269,-73.948298,40.823622676927,-73.952174770624,1520,100,"3452 Broadway, New York, New York, 10031",ok
202,JOJO,160 E 64th St,Manhattan,40.777045,-73.957465,40.765089206754,-73.965688158742,1499,100,"160 E 64th St, New York, New York, 10065",ok
100,Sichuan Mountain House,23 St Marks Pl,Manhattan,40.741729,-73.982649,40.729122083042,-73.988577711391,1488,100,"23 Saint Marks Pl, New York, New York, 10003",ok
115,Turk's Inn,234 Starr St,Brooklyn,40.692273,-73.921918,40.705555565984,-73.922347768174,1477,100,"234 Starr St, Brooklyn, New York, 11237",ok
286,Dumpling Galaxy,42-35 Main St,Queens,40.767304,-73.831357,40.754566104503,-73.827736114072,1449,100,"42-35 Main St, Flushing, New York, 11355",ok
239,Jua,36 E 22nd St,Manhattan,40.752388,-73.984865,40.739697697917,-73.987826776685,1433,100,"36 E 22nd St, New York, New York, 10010",ok
323,Le Crocodile,80 Wythe Ave,Brooklyn,40.709349,-73.958047,40.721890721806,-73.958074205535,1395,100,"80 Wythe Ave, Brooklyn, New York, 11249",ok
24,Le Veau d'Or,129 E 60th St,Manhattan,40.773229,-73.958206,40.763203697634,-73.968106002532,1392,100,"129 E 60th St, New York, New York, 10022",ok
127,Cafe Zaffri,701 8th Ave,Manhattan,40.759492,-73.972806,40.758756385538,-73.98891801666,1360,100,"701 8th Ave, New York, New York, 10036",ok
160,The Expat,64 W 35th St,Manhattan,40.756884,-73.973465,40.75009855011,-73.986666218371,1344,100,"64 W 35th St, New York, New York, 10001",ok
34,Zou Zou,385 9th Ave,Manhattan,40.747576,-73.992178,40.740861427708,-74.005057357326,1317,100,"385 9th Ave, New York, New York, 10001",ok
56,BKK New York,238 W 56th St,Manhattan,40.753761,-73.982669,40.765572884477,-73.982835772439,1313,100,"238 W 56th St, New York, New York, 10019",ok
74,Birdbox,245 W 46th St,Manhattan,40.757818,-73.970747,40.759075987506,-73.986029026092,1295,100,"245 W 46th St, New York, New York, 10036",ok
104,Nasrin's Kitchen,35 W 57th St,Manhattan,40.753349,-73.982065,40.763949854655,-73.975894466963,1288,100,"35 W 57th St, New York, New York, 10019",ok
321,Westlight,111 N 12th St,Brooklyn,40.710941,-73.960216,40.722150057891,-73.956769897582,1280,100,"111 N 12th St, Brooklyn, New York, 11249",ok
86,Le Bar Pénélope,14 E 60th St,Manhattan,40.771308,-73.959688,40.764406877926,-73.971663785154,1267,100,"14 E 60th St, New York, New York, 10022",ok
166,Dept of Culture,327 Nostrand Ave,Brooklyn,40.677555,-73.942869,40.68719140286,-73.950715062186,1259,100,"327 Nostrand Ave, Brooklyn, New York, 11216",ok
91,Silvana,300 W 116th St,Manhattan,40.813343,-73.946596,40.804409091735,-73.955732637064,1256,100,"300 W 116th St, New York, New York, 10026",ok
350,Superbueno,13 1st Ave,Manhattan,40.712845,-73.984561,40.723460484633,-73.9885526495,1227,100,"13 1st Ave, New York, New York, 10003",ok
40,Christos Steakhouse,4108 23rd Ave,Queens,40.767488,-73.921373,40.770358741642,-73.907427896702,1217,99.99,"41-08 23rd Ave, Astoria, New York, 11105",ok
222,Danji,346 W 52nd St,Manhattan,40.753376,-73.985441,40.764033967054,-73.986836454825,1191,100,"346 W 52nd St, New York, New York, 10019",ok
274,Ursula BK,724 Sterling Pl,Brooklyn,40.67588,-73.941304,40.67269473368,-73.954667800085,1181,100,"724 Sterling Pl, Brooklyn, New York, 11216",ok
351,Moti Mahal Deluxe,1st Ave & 63rd St,Manhattan,40.771473,-73.953731,40.762113002484,-73.960141015221,1172,99.84,"1st Ave & E 63rd St, New York, New York, 10065",ok
257,Satsuki,Theater district,Manhattan,40.753761,-73.987308,40.7635,-73.9823,1162,98.22,Theatre District,ok
85,Armani Ristorante,760 Madison Ave,Manhattan,40.770704,-73.955763,40.7676614452,-73.968734058537,1144,100,"760 Madison Ave, New York, New York, 10065",ok
312,Lucali,575 Henry St,Brooklyn,40.689151,-73.990871,40.68182153659,-74.000329474919,1140,100,"575 Henry St, Brooklyn, New York, 11231",ok
12,Lord's,506 LaGuardia Pl,Manhattan,40.737018,-74.005047,40.727694728751,-73.999461864121,1139,100,"506 Laguardia Pl, New York, New York, 10012",ok
9,Blue Willow,40 W 56th St,Manhattan,40.756725,-73.987198,40.762951779535,-73.976502825495,1136,100,"40 W 56th St, New York, New York, 10019",ok
102,Monsieur Bistro,853 Lexington Ave,Manhattan,40.771829,-73.955159,40.765598910286,-73.965442736617,1109,100,"853 Lexington Ave, New York, New York, 10065",ok
162,Tanoshi,1372 York Ave,Manhattan,40.775947,-73.959688,40.76757406386,-73.9528278047,1096,100,"1372 York Ave, New York, New York, 10021",ok
53,Le Café Louis Vuitton,1 E 57th St,Manhattan,40.756314,-73.982724,40.762981241924,-73.973569746117,1070,100,"1 E 57th St, New York, New York, 10022",ok
79,Lungi,1136 First Ave,Manhattan,40.77128,-73.959551,40.761665492673,-73.960146547277,1070,100,"1136 1st Ave, New York, New York, 10065",ok
7,Crevette,10 Downing St,Manhattan,40.738641,-74.006167,40.729494784367,-74.002970361152,1052,100,"10 Downing St, New York, New York, 10014",ok
4,Claud,90 E 10th St,Manhattan,40.724949,-73.980114,40.730889365417,-73.989677752363,1042,100,"90 E 10th St, New York, New York, 10003",ok
30,Cafe Commerce,964 Lexington Ave,Manhattan,40.776963,-73.956065,40.769385560774,-73.963142490929,1032,100,"964 Lexington Ave, New York, New York, 10021",ok
156,Le Rock,45 Rockefeller Plaza,Manhattan,40.751592,-73.983904,40.759509457629,-73.977957840067,1013,100,"45 Rockefeller Plz, New York, New York, 10111",ok
68,Carnitas Ramirez,210 E 3rd St,Manhattan,40.714327,-73.987773,40.722524393686,-73.982844154342,1002,100,"210 E 3rd St, New York, New York, 10009",ok
338,Ataboy,134 Eldridge St,Manhattan,40.712927,-73.982612,40.718897879458,-73.991384726945,994,100,"134 Eldridge St, New York, New York, 10002",ok
326,Shun,Above Le Jardinier,Manhattan,40.756396,-73.982806,40.758309,-73.971342,989,88,Le Jardinier,ok
83,Bodai,135 E 50th St,Manhattan,40.753871,-73.982586,40.756447590308,-73.971720279181,959,100,"135 E 50th St, New York, New York, 10022",ok
288,Joe's Steam Rice Roll,136-21 Roosevelt Ave,Queens,40.766398,-73.836545,40.759901730698,-73.829297243538,946,100,"136-21 Roosevelt Ave, Flushing, New York, 11354",ok
154,Corner Bar,9 Orchard St,Manhattan,40.71559,-73.980937,40.714791124088,-73.992062236179,942,100,"9 Orchard St, New York, New York, 10002",ok
120,Prawnaholic Collections (Urban Hawker),135 W 50th St,Manhattan,40.75258,-73.983629,40.760848801937,-73.982410474672,925,100,"135 W 50th St, New York, New York, 10020",ok
199,MIFUNE,245 E 44th St,Manhattan,40.755106,-73.981735,40.751560395933,-73.971810719917,924,100,"245 E 44th St, New York, New York, 10017",ok
81,Jaba,230 E 58th St,Manhattan,40.753843,-73.972743,40.760252680984,-73.965841044656,920,100,"230 E 58th St, New York, New York, 10022",ok
230,Divya's Kitchen,25 1st Ave,Manhattan,40.726047,-73.978027,40.723796557041,-73.988487186836,916,100,"25 1st Ave, New York, New York, 10003",ok
269,Aska,47 S 5th St,Brooklyn,40.71149,-73.955659,40.71225970551,-73.966412103719,910,100,"47 S 5th St, Brooklyn, New York, 11249",ok
322,Sunny's Bar,253 Conover St,Brooklyn,40.677745,-74.006449,40.675661005394,-74.016852804467,907,100,"253 Conover St, Brooklyn, New York, 11231",ok
99,Tolo,28 Canal St,Manhattan,40.717731,-73.980937,40.714317546559,-73.990512338463,892,100,"28 Canal St, New York, New York, 10002",ok
186,Nami Nori,33 Carmine St,Manhattan,40.73801,-74.005261,40.730206449856,-74.003257608974,884,100,"33 Carmine St, New York, New York, 10014",ok
44,The Dynamo Room,2 Pennsylvania Plaza,Manhattan,40.755737,-73.985222,40.750127909729,-73.99260142855,881,100,"2 Pennsylvania Plz, New York, New York, 10001",ok
339,The Dead Rabbit,30 Water St,Manhattan,40.710735,-74.014114,40.703237760208,-74.011006929917,874,100,"30 Water St, New York, New York, 10004",ok
84,Paris Bar,120 W 57th St,Manhattan,40.757357,-73.982092,40.764588807134,-73.978414821428,862,100,"120 W 57th St, New York, New York, 10019",ok
234,Wayla,100 Forsyth St,Manhattan,40.712296,-73.986153,40.718256035223,-73.992638492022,859,100,"100 Forsyth St, New York, New York, 10002",ok
346,Rule of Thirds,171 Banker St,Brooklyn,40.732267,-73.954186,40.724581983278,-73.955239026786,859,100,"171 Banker St, Brooklyn, New York, 11222",ok
80,Santi,11 E 53rd St,Manhattan,40.753788,-73.969641,40.760507448931,-73.974483960296,851,100,"11 E 53rd St, New York, New York, 10022",ok
236,Malatesta,649 Washington St,Manhattan,40.738971,-74.002461,40.732846749356,-74.008382136937,844,100,"649 Washington St, New York, New York, 10014",ok
37,Win Son Bakery,23 2nd Ave,Manhattan,40.727694,-73.981816,40.72460775763,-73.990936295125,842,100,"23 2nd Ave, New York, New York, 10003",ok
137,Little Mad,110 Madison Ave,Manhattan,40.737857,-73.982729,40.745064798158,-73.985238780261,829,100,"110 Madison Ave, New York, New York, 10016",ok
95,Melba's Grand Central,Grand Central,Manhattan,40.756808,-73.985606,40.7547,-73.9762,826,100,Grand Central,ok
308,PS Kitchen,246 W 48th St,Manhattan,40.753514,-73.984398,40.760707189683,-73.986618357704,821,100,"246 W 48th St, New York, New York, 10036",ok
219,Le Coucou,138 Lafayette St,Manhattan,40.726278,-74.002273,40.719095818102,-74.000131829642,819,100,"138 Lafayette St, New York, New York, 10013",ok
328,Malibu Farm,89 South St,Manhattan,40.710237,-74.009798,40.705734645345,-74.002151868307,816,100,"89 South St, New York, New York, 10038",ok
174,L'Abeille,412 Greenwich St,Manhattan,40.714639,-74.008476,40.721878651866,-74.009947205898,815,100,"412 Greenwich St, New York, New York, 10013",ok
206,Om Indian,1654 2nd Ave,Manhattan,40.772708,-73.958727,40.777577697662,-73.951670012414,804,100,"1654 2nd Ave, New York, New York, 10028",ok
52,Sunn's,139 Division St,Manhattan,40.714602,-73.981459,40.714433342551,-73.990983736697,803,100,"139 Division St, New York, New York, 10002",ok
317,Marlow & Sons,81 Broadway,Brooklyn,40.705478,-73.959447,40.710712615731,-73.965693690798,785,100,"81 Broadway, Brooklyn, New York, 11249",ok
125,Seng Feng BBQ,Bowne St,Queens,40.766014,-73.832647,40.762149354487,-73.82494462992,778,100,"Bowne St, Flushing, New York, 11354",ok
284,Wah Fung No. 1,79 Chrystie St,Manhattan,40.71408,-73.98651,40.717344796619,-73.99456825759,770,100,"79 Chrystie St, New York, New York, 10002",ok
118,Okdongsik,Midtown,Manhattan,40.753129,-73.981982,40.759924,-73.980419,767,100,"Midtown, New York",ok
195,Hometown BBQ,454 Van Brunt St,Brooklyn,40.677224,-74.007629,40.674929349066,-74.016136403203,761,100,"454 Van Brunt St, Brooklyn, New York, 11231",ok
189,Yakitori Tori Shin,1193 1st Ave,Manhattan,40.770127,-73.959194,40.763318068703,-73.959507008064,758,100,"1193 1st Ave, New York, New York, 10065",ok
14,Cha Pa,314 W 52nd St,Manhattan,40.75938,-73.992761,40.763800028136,-73.98607596475,747,100,"314 W 52nd St, New York, New York, 10019",ok
253,Mountain Bird,32 W 125th St,Manhattan,40.81348,-73.945169,40.806886908043,-73.943777277108,742,100,"32 W 125th St, New York, New York, 10027",ok
237,Cervo's,43 Canal St,Manhattan,40.716249,-73.982749,40.714865723026,-73.9913470922,741,100,"43 Canal St, New York, New York, 10002",ok
172,Sushi 35 West,224 W 35th St,Manhattan,40.753733,-73.982751,40.752016622923,-73.991214155215,738,100,"224 W 35th St, New York, New York, 10001",ok
262,Dunhuang,320 Lexington Ave,Manhattan,40.742857,-73.980296,40.749249840504,-73.977925988835,738,100,"320 Lexington Ave, New York, New York, 10016",ok
147,Saar,241 W 51st St,Manhattan,40.756918,-73.980555,40.762689677422,-73.984834185794,736,100,"241 W 51st St, New York, New York, 10019",ok
272,MayRee,26 1st Ave,Manhattan,40.72978,-73.98478,40.723699578421,-73.987804816099,723,100,"26 1st Ave, New York, New York, 10009",ok
220,Casa Carmen,40 W 91st St,Manhattan,40.785943,-73.975963,40.788943726005,-73.968394926734,719,100,"40 W 91st St, New York, New York, 10024",ok
249,Davelle,102 Suffolk St,Manhattan,40.712104,-73.98662,40.718545923344,-73.986060877324,718,100,"102 Suffolk St, New York, New York, 10002",ok
185,Dirt Candy,86 Allen St,Manhattan,40.715041,-73.983298,40.717902025542,-73.990717359814,702,100,"86 Allen St, New York, New York, 10002",ok
335,Pier 57 Food Hall,Pier 57,Manhattan,40.747337,-74.002539,40.7434017,-74.0090219,700,100,Pier 57,ok
191,Stretch Pizza,331 Park Ave South,Manhattan,40.744133,-73.992651,40.740990019748,-73.985562992275,692,100,"331 Park Ave S, New York, New York, 10010",ok
6,Pinch Chinese,177 Prince St,Manhattan,40.720349,-74.002822,40.726439706388,-74.001812904143,683,100,"177 Prince St, New York, New York, 10012",ok
178,Commerce Inn,50 Commerce St,Manhattan,40.737461,-74.00592,40.731359715914,-74.005636728371,679,100,"50 Commerce St, New York, New York, 10014",ok
201,NARO,30 Rockefeller Plaza,Manhattan,40.758263,-73.986814,40.758835468795,-73.978814135296,677,100,"30 Rockefeller Plz, New York, New York, 10112",ok
49,Sopo Korean Eats,463 7th Ave,Manhattan,40.755188,-73.983218,40.751786162496,-73.989832482296,673,100,"463 7th Ave, New York, New York, 10018",ok
331,The Pennsy,2 Penn Plaza,Manhattan,40.752471,-73.984755,40.749939335859,-73.991952936161,668,100,"2 Penn Plz, New York, New York, 10121",ok
54,Sinsa,95 2nd Ave,Manhattan,40.727694,-73.981184,40.727236154828,-73.989009547042,661,100,"95 2nd Ave, New York, New York, 10003",ok
182,Hearth,403 E 12th St,Manhattan,40.72418,-73.984314,40.730058425446,-73.983264003873,660,100,"403 E 12th St, New York, New York, 10009",ok
168,Fatta Mano,Bay Ridge,Brooklyn,40.62291,-74.033586,40.62784,-74.02927,658,100,"Bay Ridge, New York",ok
66,Caleta,80 Avenue C,Manhattan,40.727953,-73.974978,40.723087280394,-73.979396258471,657,100,"80 Avenue C, New York, New York, 10009",ok
1,Jungsik,2 Harrison St,Manhattan,40.712882,-74.009382,40.718781496733,-74.009183614519,656,100,"2 Harrison St, New York, New York, 10013",ok
62,Acru,79 MacDougal St,Manhattan,40.734002,-74.005535,40.728848204356,-74.001772000455,655,100,"79 Macdougal St, New York, New York, 10012",ok
90,Jō,127 E 34th St,Manhattan,40.749982,-73.973555,40.746691516017,-73.979999001129,655,100,"127 E 34th St, New York, New York, 10016",ok
196,Red Peony,135-25 40th Rd,Queens,40.764175,-73.833663,40.758753787148,-73.83070548709,652,100,"135-25 40th Rd, Flushing, New York, 11354",ok
28,Meju,5-28 49th Ave,Queens,40.741255,-73.948212,40.743585643705,-73.955215725096,644,100,"5-28 49th Ave, Long Island City, New York, 11101",ok
161,Ipanema,3 W 36th St,Manhattan,40.755765,-73.982147,40.750179645023,-73.984118957996,643,100,"3 W 36th St, New York, New York, 10018",ok
146,Sushi Lab,132 W 47th St,Manhattan,40.752965,-73.985551,40.758416373636,-73.983279929489,636,100,"132 W 47th St, New York, New York, 10036",ok
241,Ho Foods,110 4th Ave,Manhattan,40.729286,-73.984396,40.732421996413,-73.990709983739,636,100,"110 4th Ave, New York, New York, 10003",ok
252,Kopitiam,151 E Broadway,Manhattan,40.715865,-73.983902,40.713787055907,-73.9908952238,633,100,"151 E Broadway, New York, New York, 10002",ok
203,AbcV,38 E 19th St,Manhattan,40.743639,-73.987792,40.738058868208,-73.989163438785,631,100,"38 E 19th St, New York, New York, 10003",ok
89,Foxface,189 Avenue A,Manhattan,40.723412,-73.982776,40.728999497708,-73.981691977932,628,100,"189 Avenue A, New York, New York, 10009",ok
228,Soogil,108 E 4th St,Manhattan,40.728024,-73.981761,40.725498083385,-73.98837947938,624,100,"108 E 4th St, New York, New York, 10003",ok
21,Eulalie,239 W Broadway,Manhattan,40.716451,-74.011935,40.719588338733,-74.005815765823,623,100,"239 W Broadway, New York, New York, 10013",ok
128,Urban Hawker,135 W 50th St,Manhattan,40.756204,-73.986375,40.760848801937,-73.982410474672,615,100,"135 W 50th St, New York, New York, 10020",ok
155,Le Dive,37 Canal St,Manhattan,40.715782,-73.983792,40.714744394978,-73.990958088073,615,100,"37 Canal St, New York, New York, 10002",ok
59,Animo!,1004 2nd Ave,Manhattan,40.753075,-73.972194,40.756796906123,-73.966811752863,614,100,"1004 2nd Ave, New York, New York, 10022",ok
256,Ushiwakamaru,136 W Houston St,Manhattan,40.722957,-74.004524,40.727974768136,-74.0015326133,612,100,"136 W Houston St, New York, New York, 10012",ok
42,Adda,197 First Ave,Manhattan,40.724784,-73.982914,40.730221495372,-73.983694246963,608,100,"197 1st Ave, New York, New York, 10003",ok
87,Kochi,652 10th Ave,Manhattan,40.766943,-73.990798,40.762019083259,-73.993514065628,593,100,"652 10th Ave, New York, New York, 10036",ok
266,Monterey,37 E 50th St,Manhattan,40.758263,-73.96772,40.757603790033,-73.974703901436,593,100,"37 E 50th St, New York, New York, 10022",ok
122,Restaurant Le B,283 W 12th St,Manhattan,40.732629,-74.001857,40.737677491614,-74.004008208403,590,100,"283 W 12th St, New York, New York, 10014",ok
198,The Usual,30 Kenmare St,Manhattan,40.725816,-73.994645,40.720544085242,-73.995282731017,589,100,"30 Kenmare St, New York, New York, 10012",ok
26,Jupiter,50 Rockefeller Plaza,Manhattan,40.755161,-73.982092,40.759558827039,-73.978241399852,587,100,"50 Rockefeller Plz, New York, New York, 10020",ok
325,La Marqueta,1590 Park Ave,Manhattan,40.793682,-73.941165,40.798520888574,-73.943783060621,581,100,"1590 Park Ave, New York, New York, 10029",ok
63,Chatti,252 W 37th St,Manhattan,40.753404,-73.98448,40.753689273611,-73.99135916214,580,100,"252 W 37th St, New York, New York, 10018",ok
218,Nourish Kitchen,95 Greenwich Ave,Manhattan,40.732629,-74.004465,40.73742071201,-74.001766803675,579,100,"95 Greenwich Ave, New York, New York, 10014",ok
243,Peasant Wine Bar,177 Elizabeth St,Manhattan,40.726145,-73.996265,40.721095830019,-73.994867000377,574,100,"177 Elizabeth St, New York, New York, 10012",ok
61,Danny and Coop's Cheesesteaks,151 Avenue A,Manhattan,40.723604,-73.978467,40.727650388483,-73.98268079105,573,100,"151 Avenue A, New York, New York, 10009",ok
349,10 Bells,247 Broome St,Manhattan,40.713531,-73.98618,40.717835305593,-73.989846647712,570,100,"247 Broome St, New York, New York, 10002",ok
73,Din Tai Fung,1633 Broadway,Manhattan,40.757412,-73.981241,40.762005462666,-73.984229180023,569,100,"1633 Broadway, New York, New York, 10019",ok
170,Four Twenty Five,425 Park Ave,Manhattan,40.755765,-73.968543,40.760470736195,-73.971070849323,565,100,"425 Park Ave, New York, New York, 10022",ok
213,Atoboy,43 E 28th St,Manhattan,40.742541,-73.991031,40.743645155217,-73.984562109217,559,100,"43 E 28th St, New York, New York, 10016",ok
231,XYST NYC,44 W 17th St,Manhattan,40.737929,-73.987957,40.738664879808,-73.994500280355,557,100,"44 W 17th St, New York, New York, 10011",ok
217,Emily's Pizza,919 Fulton St,Brooklyn,40.688314,-73.968335,40.683556087633,-73.966419647432,553,100,"919 Fulton St, Brooklyn, New York, 11238",ok
129,Dame,87 MacDougal St,Manhattan,40.73392,-74.000457,40.729055405003,-74.001427420416,547,100,"87 Macdougal St, New York, New York, 10012",ok
347,Double Chicken Please,115 Allen St,Manhattan,40.716249,-73.985961,40.719593200236,-73.990599677894,540,100,"115 Allen St, New York, New York, 10002",ok
35,Lavaux Wine Bar,630 Hudson St,Manhattan,40.733673,-74.006825,40.738377338619,-74.005261805842,539,100,"630 Hudson St, New York, New York, 10014",ok
171,Dimes,49 Canal St,Manhattan,40.717429,-73.986098,40.714930012224,-73.991567536253,538,100,"49 Canal St, New York, New York, 10002",ok
316,The Finch,212 Greene Ave,Brooklyn,40.685624,-73.969049,40.686877500586,-73.962884495949,538,100,"212 Greene Ave, Brooklyn, New York, 11238",ok
279,Te Company,163 W 10th St,Manhattan,40.738971,-74.004547,40.734596429735,-74.001934190282,534,100,"163 W 10th St, New York, New York, 10014",ok
343,Employees Only,510 Hudson St,Manhattan,40.736857,-74.001665,40.733438260264,-74.006115754138,534,100,"510 Hudson St, New York, New York, 10014",ok
248,Hirohisa,73 Thompson St,Manhattan,40.719827,-74.003124,40.724607338535,-74.003156607041,532,100,"73 Thompson St, New York, New York, 10012",ok
22,Borgo,124 E 27th St,Manhattan,40.737884,-73.986518,40.742108584727,-73.983579750165,531,100,"124 E 27th St, New York, New York, 10016",ok
67,Kiko,307 Spring St,Manhattan,40.73018,-74.005096,40.726159373636,-74.008441229355,529,100,"307 Spring St, New York, New York, 10013",ok
283,Bolivian Llama Party,42-16 Greenpoint Ave,Queens,40.745143,-73.920767,40.740571637051,-73.922474670188,528,100,"42-16 Greenpoint Ave, Sunnyside, New York, 11104",ok
259,Kyo Ya,94 E 7th St,Manhattan,40.723522,-73.980827,40.726615223441,-73.985398287878,516,100,"94 E 7th St, New York, New York, 10009",ok
143,Hakata Tonton,43 Mott St,Manhattan,40.712959,-73.99372,40.715233814304,-73.998998261056,512,100,"43 Mott St, New York, New York, 10013",ok
33,Semma,60 Greenwich Ave,Manhattan,40.73812,-74.005947,40.736007187858,-74.00061068777,507,100,"60 Greenwich Ave, New York, New York, 10011",ok
173,Corima,3 Allen St,Manhattan,40.711629,-73.988645,40.714678136033,-73.993110393171,507,100,"3 Allen St, New York, New York, 10002",ok
110,Masalawala,365 5th Ave,Brooklyn,40.670161,-73.978457,40.671253130152,-73.984284752041,506,100,"365 5th Ave, Brooklyn, New York, 11215",ok
29,Stars Wine Bar,139 E 12th St,Manhattan,40.729369,-73.983682,40.732161947867,-73.988356010052,502,100,"139 E 12th St, New York, New York, 10003",ok
183,Via Carota,51 Grove St,Manhattan,40.737296,-74.005865,40.733106588355,-74.003692378292,501,100,"51 Grove St, New York, New York, 10014",ok
8,Chez Fifi,140 E 74th St,Manhattan,40.774931,-73.957602,40.771680525863,-73.961550935154,491,100,"140 E 74th St, New York, New York, 10021",ok
98,Ilis,150 Green St,Brooklyn,40.730482,-73.951276,40.733455987989,-73.955572961809,490,100,"150 Green St, Brooklyn, New York, 11222",ok
116,Cauldron Chicken,190 Bleecker St,Manhattan,40.733453,-74.000841,40.729101254013,-74.001514592209,487,100,"190 Bleecker St, New York, New York, 10012",ok
132,53 W 53,53 W 53rd St,Manhattan,40.758318,-73.982202,40.761598982272,-73.978371235532,487,100,"53 W 53rd St, New York, New York, 10019",ok
215,Atla,372 Lafayette St,Manhattan,40.729824,-73.989292,40.727252499539,-73.993893262927,482,100,"372 Lafayette St, New York, New York, 10012",ok
304,The Caviar Vault,22 E 49th St,Manhattan,40.757873,-73.970939,40.75719710009,-73.976576502424,481,100,"22 E 49th St, New York, New York, 10017",ok
15,Bad Roman,10 Columbus Circle,Manhattan,40.765424,-73.978482,40.768364016324,-73.982640725552,479,100,"10 Columbus Cir, New York, New York, 10019",ok
265,EN Japanese Brasserie,435 Hudson St,Manhattan,40.734524,-74.004849,40.730653750119,-74.007184446793,473,100,"435 Hudson St, New York, New York, 10014",ok
60,Theodora,7 Greene Ave,Brooklyn,40.687869,-73.978057,40.685996227286,-73.973033555771,472,100,"7 Greene Ave, Brooklyn, New York, 11238",ok
48,Blue Blossom,108 W 39th St,Manhattan,40.755792,-73.981873,40.753106731341,-73.986143774347,468,100,"108 W 39th St, New York, New York, 10018",ok
194,Pig Beach,480 Union St,Brooklyn,40.675625,-73.989665,40.679690267841,-73.989046804224,455,100,"480 Union St, Brooklyn, New York, 11231",ok
55,Rosella,137 Ave A,Manhattan,40.723412,-73.980663,40.727099026892,-73.982963345006,453,100,"137 Avenue A, New York, New York, 10009",ok
64,Azara Kitchen,348 Lenox Ave,Manhattan,40.812849,-73.946459,40.809255298604,-73.943924630966,453,100,"348 Lenox Ave, New York, New York, 10027",ok
92,Grandma's Home,56 W 22nd St,Manhattan,40.743996,-73.988341,40.741838394078,-73.99288450088,452,100,"56 W 22nd St, New York, New York, 10010",ok
208,Miznon,435 W 15th St,Manhattan,40.745873,-74.008722,40.742310338196,-74.006222184769,449,100,"435 W 15th St, New York, New York, 10011",ok
121,Tradisyon,790 9th Ave,Manhattan,40.76719,-73.991896,40.764898979461,-73.987544306548,446,100,"790 9th Ave, New York, New York, 10019",ok
260,Sushi Ishikawa,419 E 74th St,Manhattan,40.771939,-73.957327,40.768833989636,-73.953985010252,445,100,"419 E 74th St, New York, New York, 10021",ok
285,Seva Indian Cuisine,3007 34th St,Queens,40.763727,-73.923678,40.765574518948,-73.91900917232,444,99.99,"30-07 34th St, Astoria, New York, 11103",ok
0,Atomix,104 E 30th St,Manhattan,40.740665,-73.980575,40.744200623941,-73.982866785481,438,100,"104 E 30th St, New York, New York, 10016",ok
105,Hutong,731 Lexington Ave,Manhattan,40.757955,-73.968688,40.761882542056,-73.968257547341,438,100,"731 Lexington Ave, New York, New York, 10022",ok
188,Buvette,42 Grove St,Manhattan,40.736171,-74.006469,40.732611134058,-74.004305598328,436,100,"42 Grove St, New York, New York, 10014",ok
298,White Manna,Hackensack,New Jersey,40.884569,-74.040933,40.881341,-74.043799,432,100,"Hackensack, New Jersey",ok
310,Oxomoco,128 Greenpoint Ave,Brooklyn,40.726337,-73.957453,40.729906042446,-73.955483610721,430,100,"128 Greenpoint Ave, Brooklyn, New York, 11222",ok
27,Rice Thief,27-01 Jackson Ave,Queens,40.745592,-73.945275,40.747764190076,-73.941068329821,429,100,"27-01 Jackson Ave, Long Island City, New York, 11101",ok
258,Kosaka,220 W 13th St,Manhattan,40.736637,-74.006084,40.738201025286,-74.001456337982,427,100,"220 W 13th St, New York, New York, 10011",ok
273,Fish Cheeks,55 Bond St,Manhattan,40.729439,-73.991214,40.725806453603,-73.992703787048,423,100,"55 Bond St, New York, New York, 10012",ok
5,Le Bernardin,155 W 51st St,Manhattan,40.757686,-73.982476,40.761411311459,-73.981720057308,419,100,"155 W 51st St, New York, New York, 10019",ok
169,Yakiniku Gen,250 E 52nd St,Manhattan,40.757378,-73.972751,40.756137962805,-73.968132740803,413,100,"250 E 52nd St, New York, New York, 10022",ok
290,Butcher Bar,37-10 30th Ave,Queens,40.762218,-73.920384,40.76430696564,-73.916392928882,409,100,"37-10 30th Ave, Astoria, New York, 11103",ok
75,Bridges,9-10 Chatham Square,Manhattan,40.717296,-74.000171,40.714045889077,-73.997999222017,405,99.6,"10 Chatham Sq, New York, New York, 10038",ok
342,Katana Kitten,531 Hudson St,Manhattan,40.736857,-74.003092,40.734255160547,-74.006393195133,401,100,"531 Hudson St, New York, New York, 10014",ok
17,Mission Chinese,45 Mott St,Manhattan,40.718861,-73.998963,40.715265623627,-73.998832299374,400,100,"45 Mott St, New York, New York, 10013",ok
36,Limusina,441 9th Ave,Manhattan,40.750267,-73.996818,40.753826317728,-73.996218067592,399,100,"441 9th Ave, New York, New York, 10001",ok
319,Modern Love,317 Union Ave,Brooklyn,40.707318,-73.954341,40.709828324946,-73.951091744914,391,100,"317 Union Ave, Brooklyn, New York, 11211",ok
309,Tanoreen,7523 3rd Ave,Brooklyn,40.627878,-74.030347,40.630797790657,-74.027798815643,389,100,"7523 3rd Ave, Brooklyn, New York, 11209",ok
313,Claro,284 3rd Ave,Brooklyn,40.674994,-73.989555,40.677419067676,-73.986222312779,389,100,"284 3rd Ave, Brooklyn, New York, 11215",ok
16,Dosa House Annapurna Bhavan,615 9th Ave,Manhattan,40.762469,-73.994559,40.759552079607,-73.992142786268,383,100,"615 9th Ave, New York, New York, 10036",ok
281,Forgione,30 Hudson St,Manhattan,40.713459,-74.010178,40.716669382861,-74.008985885423,371,100,"30 Hudson St, New York, New York, 10013",ok
131,Saito,72 Kenmare St,Manhattan,40.724086,-73.997939,40.720995157362,-73.996396015397,367,100,"72 Kenmare St, New York, New York, 10012",ok
340,Dante,79 Macdougal St,Manhattan,40.732022,-74.002796,40.728848204356,-74.001772000455,363,100,"79 Macdougal St, New York, New York, 10012",ok
2,Huso,323A Greenwich St,Manhattan,40.715463,-74.007049,40.717336540444,-74.010533436206,360,100,"323A Greenwich St, New York, New York, 10013",ok
144,Van Da,234 E 4th St,Manhattan,40.723357,-73.978878,40.723326164635,-73.98312913905,358,100,"234 E 4th St, New York, New York, 10009",ok
150,Sushi Noz,181 E 78th St,Manhattan,40.770704,-73.958975,40.773856384109,-73.958134555238,358,100,"181 E 78th St, New York, New York, 10075",ok
18,Dean's,213 6th Ave,Manhattan,40.725318,-74.000324,40.727514936927,-74.00341376383,357,100,"213 6th Ave, New York, New York, 10014",ok
58,Mitr Thai,37 W 46th St,Manhattan,40.757741,-73.984508,40.756871840338,-73.980428406028,357,100,"37 W 46th St, New York, New York, 10036",ok
19,Musaafer,133 Duane St,Manhattan,40.713267,-74.007131,40.716324509455,-74.007556770932,342,100,"133 Duane St, New York, New York, 10013",ok
165,Tartine,253 W 11th St,Manhattan,40.734359,-74.000402,40.736352731817,-74.003456008622,340,100,"253 W 11th St, New York, New York, 10014",ok
190,Sripraphai,64-13 39th Ave,Queens,40.744539,-73.902375,40.746424384763,-73.899231401225,338,100,"64-13 39th Ave, Woodside, New York, 11377",ok
39,Los Mariscos,Chelsea Market,Manhattan,40.745882,-73.998531,40.745158,-73.994648,337,100,Chelsea Market,ok
204,Avant Garden,130 E 7th St,Manhattan,40.723137,-73.983792,40.726153632033,-73.984023320481,336,100,"130 E 7th St, New York, New York, 10009",ok
344,Leyenda,221 Smith St,Brooklyn,40.686241,-73.994961,40.684305555506,-73.991974142376,331,100,"221 Smith St, Brooklyn, New York, 11201",ok
149,The Musket Room,265 Elizabeth St,Manhattan,40.721039,-73.993712,40.723942988889,-73.993876918216,323,100,"265 Elizabeth St, New York, New York, 10012",ok
261,The Office of Mr. Moto,120 St Marks Pl,Manhattan,40.729808,-73.983435,40.726932520385,-73.983957103446,323,100,"120 Saint Marks Pl, New York, New York, 10009",ok
136,Gotham West Market,600 11th Ave,Manhattan,40.764335,-73.994202,40.762348743511,-73.996946622616,320,100,"600 11th Ave, New York, New York, 10036",ok
221,Shukette,230 9th Ave,Manhattan,40.744647,-73.998806,40.747181689715,-74.000594510697,320,100,"230 9th Ave, New York, New York, 10001",ok
43,Saint Urban,43 E 20th St,Manhattan,40.741306,-73.990345,40.738825141796,-73.988435386675,319,100,"43 E 20th St, New York, New York, 10003",ok
10,Buddakan,75 9th Ave,Manhattan,40.74311,-74.001084,40.742230541418,-74.00466551725,317,100,"75 9th Ave, New York, New York, 10011",ok
32,Lei,15-17 Doyers St,Manhattan,40.717433,-73.998331,40.714594987554,-73.998267023823,316,100,"15-17 Doyers St, New York, New York, 10013",ok
211,Cote,16 W 22nd St,Manhattan,40.740318,-73.98782,40.741284056912,-73.991271319795,310,100,"16 W 22nd St, New York, New York, 10010",ok
180,La Vara,268 Clinton St,Brooklyn,40.685829,-73.993176,40.687807095557,-73.995752117595,309,100,"268 Clinton St, Brooklyn, New York, 11201",ok
305,Odo,17 W 20th St,Manhattan,40.743118,-73.991498,40.740418332042,-73.992162819017,305,100,"17 W 20th St, New York, New York, 10011",ok
41,La Tête d'Or,318 Park Ave South,Manhattan,40.738973,-73.988945,40.74072586407,-73.986207979725,302,100,"318 Park Ave S, New York, New York, 10010",ok
345,Martiny's,Gramercy,Manhattan,40.739065,-73.98391,40.738545,-73.980411,300,100,"Gramercy, New York",ok
224,Don Angie,103 Greenwich Ave,Manhattan,40.738614,-74.005261,40.737780253746,-74.001965622419,293,100,"103 Greenwich Ave, New York, New York, 10014",ok
233,Golden Diner,123 Madison St,Manhattan,40.714414,-73.996327,40.712438533414,-73.994092836042,289,100,"123 Madison St, New York, New York, 10002",ok
11,Baar Baar,29 E 21st St,Manhattan,40.73771,-73.99062,40.739660691814,-73.988555834623,278,100,"29 E 21st St, New York, New York, 10010",ok
141,Tuome,536 E 5th St,Manhattan,40.724565,-73.979757,40.724037997762,-73.982928476288,274,100,"536 E 5th St, New York, New York, 10009",ok
93,Veerays,213 E 45th St,Manhattan,40.754557,-73.970355,40.752591411934,-73.972293098444,273,100,"213 E 45th St, New York, New York, 10017",ok
223,Gage & Tollner,372 Fulton St,Brooklyn,40.693724,-73.987257,40.691341241212,-73.987821412267,269,100,"372 Fulton St, Brooklyn, New York, 11201",ok
119,Upon the Palace,Tribeca,Manhattan,40.718839,-74.007433,40.720115,-74.010134,268,100,"Tribeca, New York",ok
152,JOJI,One Vanderbilt,Manhattan,40.752141,-73.981351,40.752737257049,-73.978297642422,266,98.65,"1 Vanderbilt Ave, New York, New York, 10017",ok
140,Rezdôra,27 E 20th St,Manhattan,40.741086,-73.990647,40.739052668558,-73.989063945594,263,100,"27 E 20th St, New York, New York, 10003",ok
337,Fatties at 246 E 51st,246 E 51st St,Manhattan,40.757137,-73.970904,40.755548421645,-73.96872165332,255,100,"246 E 51st St, New York, New York, 10022",ok
88,Spice Brothers,110 St Marks Pl,Manhattan,40.726376,-73.981431,40.726951631125,-73.984322386786,252,100,"110 Saint Marks Pl, New York, New York, 10009",ok
318,Four Horsemen,295 Grand St,Brooklyn,40.710886,-73.957333,40.713093160052,-73.957289827036,245,100,"295 Grand St, Brooklyn, New York, 11211",ok
124,Jeffrey's Grocery,172 Waverly Pl,Manhattan,40.736088,-74.000594,40.734002865261,-74.001375033521,241,100,"172 Waverly Pl, New York, New York, 10014",ok
70,Hyderabadi Zaiqa,184 Lexington Ave,Manhattan,40.746975,-73.980543,40.744877336894,-73.981170958831,239,100,"184 Lexington Ave, New York, New York, 10016",ok
327,Marea,240 Central Park S,Manhattan,40.766796,-73.978702,40.767636928133,-73.981254023491,234,100,"240 Central Park S, New York, New York, 10019",ok
200,Ruffian Wine Bar,125 E 7th St,Manhattan,40.725663,-73.981514,40.726445699449,-73.984080233604,233,100,"125 E 7th St, New York, New York, 10009",ok
109,Omakaseed,132 W 47th St,Manhattan,40.756369,-73.983822,40.758416373636,-73.983279929489,232,100,"132 W 47th St, New York, New York, 10036",ok
139,Pastrami Queen,1125 Lexington Ave,Manhattan,40.772351,-73.959139,40.774393161188,-73.959154968131,227,100,"1125 Lexington Ave, New York, New York, 10075",ok
192,Crown Shy,70 Pine St,Manhattan,40.705629,-74.010325,40.706332484589,-74.00780973677,226,100,"70 Pine St, New York, New York, 10005",ok
293,Warung Selasa at Indo Java,85-12 Queens Blvd,Queens,40.737867,-73.876245,40.736602344893,-73.87833783118,226,100,"85-12 Queens Blvd, Elmhurst, New York, 11373",ok
13,Twin Tails,10 Columbus Circle,Manhattan,40.766851,-73.980871,40.768364016324,-73.982640725552,225,100,"10 Columbus Cir, New York, New York, 10019",ok
69,Longjiang Pork Feet Rice,121 Mott St,Manhattan,40.718339,-73.994571,40.718029807656,-73.997128007001,218,100,"121 Mott St, New York, New York, 10013",ok
229,4 Charles Prime Rib,4 Charles St,Manhattan,40.736335,-74.00268,40.735129015863,-74.000646562316,218,100,"4 Charles St, New York, New York, 10014",ok
264,Wo Hop,17 Mott St,Manhattan,40.712465,-73.997975,40.714306691994,-73.998866246081,218,100,"17 Mott St, New York, New York, 10013",ok
51,Sushi Akira,317 E 75th St,Manhattan,40.772049,-73.954473,40.770530612567,-73.955813270973,203,100,"317 E 75th St, New York, New York, 10021",ok
181,Houseman,508 Greenwich St,Manhattan,40.727325,-74.009049,40.725721377286,-74.009401795459,181,100,"508 Greenwich St, New York, New York, 10013",ok
3,63 Clinton,63 Clinton St,Manhattan,40.717951,-73.985576,40.719472878016,-73.984985395328,176,100,"63 Clinton St, New York, New York, 10002",ok
320,Olmsted,659 Vanderbilt Ave,Brooklyn,40.678616,-73.968029,40.677146781551,-73.968767167054,175,100,"659 Vanderbilt Ave, Brooklyn, New York, 11238",ok
57,Golden Hof,16 W 48th St,Manhattan,40.758329,-73.980992,40.757547421734,-73.979309170497,166,100,"16 W 48th St, New York, New York, 10036",ok
138,Jongro Korean BBQ,22 W 32nd St,Manhattan,40.748859,-73.987939,40.747631085453,-73.986861265258,164,100,"22 W 32nd St, New York, New York, 10001",ok
245,Take31,15 E 31st St,Manhattan,40.747376,-73.983794,40.746204485533,-73.984872155816,159,100,"15 E 31st St, New York, New York, 10016",ok
330,Clover Hill,Brooklyn Heights,Brooklyn,40.694018,-73.994047,40.695212,-73.993074,156,100,"Brooklyn Heights, New York",ok
106,Kono,46 Bowery,Manhattan,40.717104,-73.996273,40.71580642402,-73.996958524919,155,100,"46 Bowery, New York, New York, 10013",ok
240,Ernestos,259 E Broadway,Manhattan,40.713559,-73.986976,40.714208078903,-73.985429217101,149,100,"259 E Broadway, New York, New York, 10002",ok
341,Mace,649 E 9th St,Manhattan,40.725553,-73.979867,40.725470967929,-73.978164789257,144,100,"649 E 9th St, New York, New York, 10009",ok
271,Pranakhon,88 University Pl,Manhattan,40.732537,-73.993886,40.733701661571,-73.993161606599,143,100,"88 University Pl, New York, New York, 10003",ok
20,Wild Cherry,38 Commerce St,Manhattan,40.732327,-74.004602,40.731261060914,-74.005313438366,133,100,"38 Commerce St, New York, New York, 10014",ok
280,The Mary Lane,99 Bank St,Manhattan,40.736527,-74.004849,40.736556495883,-74.006336533467,125,100,"99 Bank St, New York, New York, 10014",ok
46,Lex Yard,560 Lexington Ave,Manhattan,40.756039,-73.971371,40.756687187011,-73.972411870012,113,100,"560 Lexington Ave, New York, New York, 10022",ok
134,PDT (Please Don't Tell),113 St Marks Pl,Manhattan,40.727447,-73.982502,40.727119269188,-73.9837481426,111,100,"113 Saint Marks Pl, New York, New York, 10009",ok
263,Hop Kee,21 Mott St,Manhattan,40.714276,-74.000335,40.714412597341,-73.999025334604,111,100,"21 Mott St, New York, New York, 10013",ok
311,Red Hook Tavern,329 Van Brunt St,Brooklyn,40.677031,-74.012625,40.677891178372,-74.01209481713,106,100,"329 Van Brunt St, Brooklyn, New York, 11231",ok
179,Txikito,240 9th Ave,Manhattan,40.747667,-73.99952,40.747372713288,-74.000466686674,86,100,"240 9th Ave, New York, New York, 10001",ok
187,Noreetuh,128 First Ave,Manhattan,40.727227,-73.984506,40.727286655795,-73.98524313885,62,100,"128 1st Ave, New York, New York, 10009",ok
25,Tulcingo del Valle,665 10th Ave,Manhattan,40.762414,-73.992994,40.762743740698,-73.993515239094,57,100,"665 10th Ave, New York, New York, 10036",ok
333,8sia Food Hall,220 E 42nd St,Manhattan,40.75013,-73.973347,40.749985394417,-73.97299642394,34,100,"220 E 42nd St, New York, New York, 10017",ok
47,Cho Dang Gol,55 W 35th St,Manhattan,40.750171,-73.986344,40.750191337778,-73.986232371063,10,100,"55 W 35th St, New York, New York, 10001",ok
235,Bar Pisellino,52 Grove St,Manhattan,40.732956,-74.003577,40.732925078242,-74.003476292828,9,100,"52 Grove St, New York, New York, 10014",ok
287,Adda Indian,31-31 Thomson Ave,Queens,40.744971,-73.934119,40.744981230584,-73.934210256643,8,100,"31-31 Thomson Ave, Long Island City, New York, 11101",ok
123,Mokyo,109 St Marks Pl,Manhattan,40.727158,-73.983913,40.727214194242,-73.98387537989,7,100,"109 Saint Marks Pl, New York, New York, 10009",ok
71,Golden Wuish,22 Pell St,Manhattan,40.714894,-73.998173,40.714909015556,-73.998098966665,6,100,"22 Pell St, New York, New York, 10013",ok
356,Juliana's,19 Old Fulton St,Brooklyn,40.702743,-73.993433,40.702702994786,-73.993479699825,6,100,"19 Old Fulton St, Brooklyn, New York, 11201",ok
97,Lilia,567 Union Ave,Brooklyn,40.717616,-73.952401,40.717647048048,-73.952382138908,4,100,"567 Union Ave, Brooklyn, New York, 11211",ok
216,Hwa Yuan Szechuan,42 E Broadway,Manhattan,40.713771,-73.995998,40.713781230484,-73.995992510578,1,100,"42 E Broadway, New York, New York, 10002",ok
238,Shuka,38 MacDougal St,Manhattan,40.727043,-74.002747,40.727043538693,-74.002756287345,1,100,"38 Macdougal St, New York, New York, 10012",ok
354,886,26 St Marks Pl,Manhattan,40.728815,-73.988695,40.728805791926,-73.98870419431,1,100,"26 Saint Marks Pl, New York, New York, 10003",ok
355,Ras Plant Based,739 Franklin Ave,Brooklyn,40.673409,-73.956707,40.673408788011,-73.956721953096,1,100,"739 Franklin Ave, Brooklyn, New York, 11238",ok
65,Haideri Chai,72-08 Broadway,Queens,40.747431,-73.893507,40.747430883696,-73.893506561356,0,100,"72-08 Broadway, Jackson Heights, New York, 11372",ok
175,Estela,47 E Houston St,Manhattan,40.724635,-73.994767,40.724634244444,-73.994771854018,0,100,"47 E Houston St, New York, New York, 10012",ok
242,Chef's Table at Brooklyn Fare,,Manhattan,40.677143,-73.943088,,,,,,no_address
246,One Fifth,1 5th Ave,Manhattan,40.731974,-73.996334,40.731974486602,-73.996334156951,0,100,"1 5th Ave, New York, New York, 10003",ok
